PASS	phase46_promotion_test	0
PASS	phase47_bypass_test	0
PASS	phase49_runtime_attestation_test	6
PASS	phase50_legacy_attestation_test	6
PASS	phase51_release_lifecycle_test	3
PASS	phase75_security_hardening_test	2
PASS	phase76_lifecycle_recovery_test	6
PASS	phase77_audit_chain_concurrency_test	11
PASS	phase78_supply_chain_security_test	8
PASS	phase79_threat_model_security_test	3
PASS	phase80_outcome_label_pipeline_test	1
PASS	phase81_outcome_trust_governance_test	2
PASS	phase82_dataset_admission_test	6
PASS	phase83_feature_compatibility_admission_test	7
PASS	phase84_real_world_dataset_ingestion_test	7
PASS	phase85_external_dataset_evidence_test	0
PASS	phase86_model_contract_reconciliation_test	3
PASS	phase87_native_feature_parity_test	2
PASS	phase88_ieee_cis_forensic_audit_test	1
PASS	phase89_institutional_dataset_registry_test	0
PASS	phase90_worldline_access_spec_test	1
PASS	phase91_worldline_provider_request_test	1
PASS	phase92_external_dataset_dry_run_test	1
PASS	phase93_real_world_evaluation_protocol_test	7
PASS	phase94_rwv_readiness_audit_test	0
PASS	phase95_provider_evidence_test	0
PASS	phase96_controlled_rwv_test	1
PASS	phase97_rwv_adjudication_test	1
PASS	phase98_rwv_promotion_boundary_test	1
PASS	phase99_rwv_evidence_ledger_test	1
PASS	phase100_independent_audit_test	2
PASS	phase101_audit_remediation_test	1
PASS	phase102_readiness_reconciliation_test	2
PASS	phase103_production_readiness_closure_test	19
PASS	phase104_external_dataset_qualification_test	1
PASS	phase105_provider_evidence_intake_test	1
PASS	phase106_public_benchmark_test	1
PASS	phase107_public_dataset_ingestion_test	15
PASS	phase108_public_benchmark_execution_test	28
PASS	phase109_audit_fork_repair_test	22
PASS	phase110_reconciliation_test	297
PASS	phase111_admin_console_test	6
PASS	phase112_admin_ux_test	6
PASS	phase113_admin_workflow_test	4
PASS	phase114_review_queue_test	5
PASS	phase115_queue_aging_test	5
PASS	phase116_workload_visibility_test	6
PASS	phase117_attention_center_test	5
PASS	phase118_attention_evidence_test	5
PASS	phase113_review_workflow_test	4
PASS	phase114_transaction_history_test	5
PASS	front_service_test	49
PASS	backup_restore_test	4
PASS	penetration_test	175
FAIL(1)	security_test	8
PASS	security_attack_test	0
FAIL(1)	sql_injection_test	2
FAIL(1)	security_ci_gate	128
PASS	security_scan	0
PASS	auto_security_scan	55
PASS	audit_hygiene_check	1
PASS	feature_parity_test	2
PASS	feature_compatibility_test	3
PASS	extended_dataset_test	7
PASS	multi_dataset_test	6
PASS	real_dataset_test	4
PASS	adversarial_test	5
PASS	claim_evidence_check	0
PASS	eval_record_test	4
PASS	prereg_harness_test	3
PASS	check_freeze_test	1
PASS	review_resolution_check	0
PASS	smoke_test	1
PASS	risk_engine_test	5
PASS	verification_test	4
PASS	audit_test	4
PASS	drift_test	1
PASS	feedback_test	2
PASS	k_anonymity_test	1
PASS	pipeline_test	2
PASS	tune_test	2
PASS	federated_test	29
PASS	rules_gate_test	9
PASS	ood_gate_test	1
