institution,model,pr_auc,roc_auc,f1,recall,precision,n_test,n_pos
inst_0,local-only,0.9481334176587242,0.9979424251452406,0.7863,0.9388,0.6765,2241,49
inst_1,local-only,0.9567097871509638,0.9951612903225806,0.8222,0.9487,0.7255,1279,39
inst_2,local-only,0.942783314876338,0.9965570210286562,0.7755,0.9048,0.6786,920,21
inst_0,federated,0.9600143077808642,0.9985289736332489,0.8108,0.9184,0.7258,2241,49
inst_1,federated,0.9547543994107354,0.9969396195202648,0.8642,0.8974,0.8333,1279,39
inst_2,federated,0.9722933378847356,0.9990995285767255,0.9048,0.9048,0.9048,920,21
inst_0,centralized,0.9551368700372824,0.9982310442425145,0.7931,0.9388,0.6866,2241,49
inst_1,centralized,0.9668759505601612,0.997125723738627,0.8222,0.9487,0.7255,1279,39
inst_2,centralized,0.9536219336219336,0.9977753058954394,0.8444,0.9048,0.7917,920,21
